id,first_name,last_name,email,gender,department,job_title,country,city
1,Marigold,Sealey,msealey0@techcrunch.com,Female,Marketing,Analog Circuit Design manager,China,Damaying
2,Lanita,Yves,lyves1@hugedomains.com,Female,Support,Web Designer II,Japan,Hirakata
3,Donny,Mannakee,dmannakee2@psu.edu,Female,Human Resources,Health Coach II,Armenia,Sevan
4,Dodi,Flecknell,dflecknell3@vkontakte.ru,Female,Product Management,Senior Editor,Norway,Drammen
5,Marci,Clink,mclink4@netscape.com,Female,Human Resources,Nuclear Power Engineer,Russia,Nytva
6,Harv,Cowitz,hcowitz5@mozilla.org,Male,Services,Account Coordinator,Uganda,Entebbe
7,Fonz,Timmermann,ftimmermann6@nba.com,Male,Legal,Geological Engineer,Russia,Cherkasskoye
8,Hastie,Loughton,hloughton7@drupal.org,Male,Product Management,Recruiting Manager,China,Jinzhuang
9,Deck,Gooday,dgooday8@xing.com,Male,Legal,Speech Pathologist,Egypt,Isnā
10,Venita,Kissock,vkissock9@discovery.com,Female,Services,Account Representative IV,Portugal,Foros de Salvaterra
11,Leonid,Farryan,lfarryana@meetup.com,Male,Accounting,Research Nurse,Russia,Lyalichi
12,Mirabella,Lambart,mlambartb@artisteer.com,Female,Support,Systems Administrator III,Honduras,Marale
13,Farlee,Oldknowe,foldknowec@imageshack.us,Male,Sales,Help Desk Technician,Egypt,Dishnā
14,Blayne,Browse,bbrowsed@infoseek.co.jp,Male,Legal,Senior Developer,Nigeria,Gusau
15,Jaymee,Dimblebee,jdimblebeee@arstechnica.com,Female,Legal,Engineer IV,Portugal,Ortiga
16,Greta,Plackstone,gplackstonef@economist.com,Female,Accounting,Computer Systems Analyst IV,China,Kanshi
17,Thomasin,de Banke,tdebankeg@engadget.com,Female,Product Management,Safety Technician I,Finland,Varkaus
18,Julian,Jertz,jjertzh@google.it,Male,Support,Design Engineer,Indonesia,Nobo
19,Donelle,Gregol,dgregoli@barnesandnoble.com,Female,Human Resources,Programmer I,Portugal,Pedrogão
20,Elie,Farish,efarishj@chron.com,Female,Human Resources,Compensation Analyst,China,Changfeng
